<?xml version="1.0" encoding="UTF-8"?>
<settings>
    <push>
        <receiver>
            <log>y</log>

            <!-- 브로드캐스트 리시버에서 퍼미션 사용 여부를 설정 (Y/N) android 8.0 이상 필수 -->
            <use-permission>Y</use-permission>

            <!-- 푸시 알림을 핸들링하기 위한 페이지 설정 -->
            <page>www/html/common/push.html</page>

            <!-- 서버 버전 3.6/3.7/3.8/4.0-->
            <version>5.1</version>
            <!-- receiver server url(필수 설정) -->
            <server>http://61.43.218.100/pushapp</server>
            <timeout>10000</timeout>

            <!-- GCM설정 -->
            <!-- GCM sender-id (push-type이 GCM일경우 필수설정) -->
            <gcm-sender-id>260969393858</gcm-sender-id>
            <security-indexes>0x4ba 0x36e 0x72f 0x7ab 0x243 0x276 0x4fa 0x77d 0x598 0x72e 0x21b
                0x5de 0x267 0x296 0x5f2 0x694
            </security-indexes>
            <!-- 푸쉬타입(필수설정)
             GCM:구글GCM(Public Push)
             UPNS:유라클UPNS(Private Push)
            -->
            <android-push-type>UPNS</android-push-type>

            <!-- stb(셋탑)/mobile(모바일)/mobile_old(디바이스 아이디 이전 버전) -->
            <device-type>mobile</device-type>

            <!-- 서비스 등록 오류시, 재시도 횟수, default : auto (2회)  -->
            <retry-regist-count>auto</retry-regist-count>

        </receiver>

        <upns>
            <!-- agent, inapp -->
            <agent-service-type>inapp</agent-service-type>

            <!-- assets 안에 agent apk 파일이 있는 경우 -->
            <!-- <agent-apk-name></agent-apk-name>
            <agent-classpath></agent-classpath>
            <agent-package-name></agent-package-name>  -->

            <!-- UPNS설정 -->
            <!-- UPNS SERVER URL (push-type이 UPNS일경우 필수설정) -->
            <!-- upns server url -->
            <agent-server-url>tcp://61.43.218.110:1883</agent-server-url>

            <!-- UPNS RESTART ALARM INTERVAL (초단위) -->
            <agent-restart-interval>60</agent-restart-interval>
            <!-- auto/manual -->
            <agent-receive-confirm>auto</agent-receive-confirm>
        </upns>
    </push>
</settings>
